"","x"
"1",NA
"2",76.8053140062902
"3",76.1453578933293
"4",73.3694001122746
"5",71.0674481135779
"6",72.3989771770797
"7",74.3768561263106
"8",72.1678521250486
"9",77.6250659949065
"10",68.1116563157227
"11",70.1231286947368
"12",77.7420176452977
"13",80.3622731268886
"14",70.7121362383983
"15",81.4686256498751
"16",78.6680522203005
"17",90.5834994495102
"18",80.8840572767054
"19",79.3395347233284
"20",86.0776501516162
"21",78.5408855404785
"22",79.0441134845884
"23",82.8500116325784
"24",84.759821484972
"25",82.7669357120765
"26",78.6169455709014
"27",81.4529717801942
"28",80.9068259538732
"29",76.7547112868937
"30",73.7451294610943
"31",81.0558785210944
"32",84.1529629582098
"33",89.0746298571723
"34",87.2190492613039
"35",87.6963079782952
"36",82.3727779984929
"37",78.4113461334309
"38",90.2683257088036
"39",81.4029251475647
"40",86.5349569757335
"41",83.0288120761673
"42",91.3006872338474
"43",86.4990818966944
"44",78.2769239447683
"45",93.7143961178415
"46",84.1535507243542
"47",86.7386148179441
"48",86.2169773381806
"49",81.1403833520944
"50",72.6068475104859
"51",81.0713663579501
"52",80.8782967511971
"53",NA
"54",NA
"55",NA
"56",NA
"57",NA
"58",NA
"59",NA
"60",NA
"61",NA
"62",68.0153952267029
"63",93.6883421315355
"64",76.4148784704176
"65",89.1860110578632
"66",86.9318826803127
"67",89.1553641945647
"68",97.3273436379486
"69",110.552983376261
"70",90.7519867690745
"71",95.9058010669496
"72",107.010649616269
"73",88.1592337652086
"74",90.0100668625393
"75",91.577659748877
"76",77.564256845485
"77",67.6315263066768
"78",64.335565775758
"79",64.2684329310871
"80",57.9915742469886
"81",72.8034693968625
"82",69.5700303922484
"83",61.2287886630505
"84",68.5304876137236
"85",78.075696003206
"86",80.1388810080649
"87",77.9503130400584
"88",75.2105569402175
"89",70.0071107794987
"90",76.3316537808318
"91",73.7318265933709
"92",78.3773752630251
"93",77.2484517256872
"94",90.0496756894893
"95",76.1271139324936
"96",76.9164675887858
"97",73.8334323629066
"98",83.0868252892039
"99",79.0564049420636
"100",79.7397262873343
"101",76.5504689976415
"102",78.7415800812149
"103",81.3494768437422
"104",72.5208251003286
"105",75.7365721917536
"106",70.4094858596535
"107",78.5685990989785
"108",70.7530692107692
"109",77.3615556444697
"110",71.9249829909164
"111",75.1963224574294
"112",74.1367751818779
"113",69.5819551668555
"114",66.3614603095529
"115",68.67293623458
"116",82.1119073297335
"117",77.0587023540267
"118",80.4858737562087
"119",84.693655308334
"120",79.4124960438873
"121",82.959047390382
"122",82.2286360508183
"123",71.4247383389305
"124",82.1490774384818
"125",82.9786622449693
"126",89.0446334867646
"127",83.6017911915082
"128",84.7290491364733
"129",85.633918459933
"130",81.6549222656255
"131",77.796948818496
"132",81.1441118556887
"133",77.7816422741844
"134",84.0444048079673
"135",75.0221431656737
"136",76.7986908050421
"137",83.27763842751
"138",79.7790773363055
"139",88.5577338753936
"140",79.1487366676736
"141",73.8525016556165
"142",74.4094572143519
"143",77.449119919816
"144",76.4840374982281
"145",77.0169141331322
"146",73.1096319907125
"147",76.7806227043628
"148",83.4247778659538
"149",88.6842004355927
"150",77.0860743876922
"151",75.9555953834035
"152",75.9994219096995
"153",82.1973927212383
"154",71.4922157937192
"155",74.9840950479088
"156",82.4246429107913
"157",82.2921860175216
"158",85.4060385437399
"159",81.7912029400493
"160",80.1726448909252
"161",85.3911931533605
"162",86.8663188907026
"163",85.6134023535868
"164",86.4561009032868
"165",87.1948666740986
"166",80.308486129791
"167",89.0846669983338
"168",84.5592190243333
"169",82.3727101726075
"170",83.2985039897471
"171",72.5611693251502
"172",76.3956461330761
"173",65.6627884006064
"174",70.4792719532338
"175",75.7245804056378
"176",74.9749777692018
"177",69.7382366362208
"178",65.8340959272798
"179",61.0664103686435
"180",63.8249956255749
"181",71.6396866712124
"182",71.0618456157284
"183",73.3253623560761
"184",72.6646348742836
"185",79.3536835904331
"186",69.5882613840665
"187",75.6580408088205
"188",75.5622005355275
"189",90.2018483177681
"190",92.9301899910853
"191",97.4137716042095
"192",83.2117668873649
"193",86.0455501451163
"194",78.4077074560321
"195",76.3426454728217
"196",80.4958354174508
"197",78.3024224234337
"198",77.3447401852867
"199",82.6644848928595
"200",78.2940850086265
"201",78.1006379461936
"202",79.3028888148439
"203",84.8834246993254
"204",80.4784283573732
"205",80.8856515233979
"206",81.0120864407438
"207",85.5543190980175
"208",72.4140730910307
"209",74.2202212157251
"210",73.1520852329701
"211",74.1599656260966
"212",76.5420502603683
"213",82.2995418658281
"214",76.3618790674057
"215",74.1905768433946
"216",72.2071820227538
"217",75.449639548914
"218",73.072796500006
"219",72.4983813921018
"220",72.9810304046456
"221",79.5555763246247
"222",71.2731146859217
"223",72.2800504728813
"224",78.9545283540722
"225",78.853138324213
"226",76.6485908380111
"227",79.075750832575
"228",78.2961831442521
"229",73.4463242089385
"230",81.490556588592
"231",75.6718266548124
"232",69.5549832750552
"233",86.7735311300696
"234",86.8655817497642
"235",84.6398235111636
"236",70.4669610050856
"237",89.186048817672
"238",81.4249068937301
"239",82.397817265317
"240",78.4585608133207
"241",82.9814848507758
"242",78.9725374085464
"243",82.9968892469553
"244",88.2671778666216
"245",76.605715970708
"246",84.6323773290168
"247",82.7791803822406
"248",78.4877139782063
"249",85.9359049505251
"250",80.1902847744648
"251",83.7466780931014
"252",73.040204957987
"253",81.3961495421441
"254",79.4139684875691
"255",79.9373399922244
"256",84.478779053552
"257",83.2321979191353
"258",90.207233489298
"259",86.5124639227206
"260",91.7822723934259
"261",85.5299612331264
"262",86.4064296190637
"263",90.6983358486513
"264",84.8585826846768
"265",77.3264616922737
"266",74.4977093245734
"267",87.2133021633461
"268",81.3482052856231
"269",75.6582126101961
"270",79.7462638836092
"271",75.7746898346367
"272",68.8678105680311
"273",78.6827122724369
"274",NA
"275",NA
"276",NA
"277",NA
"278",59.4657147506926
"279",99.2471771182474
"280",68.1455800732542
"281",76.9039981917577
"282",82.3274869319223
"283",88.1240419290782
"284",77.5511327851139
"285",91.4174698978168
"286",125.235785750716
"287",107.014202006797
"288",119.958916761619
"289",115.351097389465
"290",98.5239013049959
"291",96.2701931341216
"292",77.6411643217174
"293",68.6417003817668
"294",NA
"295",95.0394119690419
"296",84.7445000566359
"297",87.1496817537502
"298",NA
"299",NA
"300",85.8997942459526
"301",84.5390817503721
"302",84.2444825891943
"303",73.0210520419278
"304",69.0708386770457
"305",63.1268271585976
"306",67.5925701488043
"307",71.9950772845522
"308",77.7886482675173
"309",80.4694828157987
"310",79.3575732236595
"311",82.1676744954927
"312",82.0476727044972
"313",75.6747284093444
"314",77.1771143670515
"315",71.8495745546973
"316",72.0497961390329
"317",71.9160493058247
"318",79.1695052140002
"319",80.8863752170791
"320",78.5972470986448
"321",70.1308721257487
"322",71.866508024298
"323",70.3723787606127
"324",71.1010348501754
"325",73.7159387021602
"326",71.1498572926211
"327",71.8762293729058
"328",69.3309333999069
"329",76.2120142603824
"330",84.9669494643266
"331",83.2841471186586
"332",83.2329705842215
"333",88.3428701034742
"334",90.5391853308838
"335",88.2167484235112
"336",90.7409773798637
"337",75.3451895069671
"338",79.5769621635481
"339",78.2122454437547
"340",85.9257703190763
"341",88.5178485064787
"342",91.4232812206541
"343",99.9945275749397
"344",85.5900950195575
"345",77.3623942642296
"346",76.3093840323305
"347",83.7470991797728
"348",84.3290208348004
"349",81.4364085809711
"350",79.5053844600213
"351",79.143272015766
"352",78.2619349018909
"353",78.0775269808502
"354",76.5509549981389
"355",77.2300289153828
"356",77.9401706478241
"357",73.4597759483473
"358",79.6134266696303
"359",71.9434510529555
"360",80.609187447409
"361",76.4416589215546
"362",85.3686951226814
"363",81.2007655736853
"364",83.0006714146465
"365",81.2509769150838
"366",83.9934198232784
"367",85.1761063862815
"368",85.5223096078704
"369",82.5112516683353
"370",79.6994286429966
"371",87.1179232789019
"372",87.8628619837479
"373",82.6634222341499
"374",79.6461436364955
"375",79.314126552147
"376",70.6814469980452
"377",75.2830448281057
"378",81.8690462262135
"379",89.2742158568828
"380",92.3780385892424
"381",87.0046792068675
"382",85.9199007950918
"383",84.6842779848964
"384",81.827628013633
"385",80.9303844647347
"386",84.1391637423711
"387",93.1898340321616
"388",88.1829188717026
"389",86.0007793440579
"390",84.7028009166656
"391",23.4954099076828
"392",38.1080793601647
"393",NA
"394",NA
"395",63.5654676667104
"396",100.544581121991
"397",81.5119276747008
"398",82.5824237044071
"399",NA
"400",NA
"401",NA
"402",NA
"403",NA
"404",NA
"405",NA
"406",88.9663416207906
"407",NA
"408",NA
"409",NA
"410",NA
"411",NA
"412",NA
"413",NA
"414",NA
"415",NA
"416",64.7142426142991
"417",53.0509803754083
"418",NA
"419",NA
"420",NA
"421",NA
"422",NA
"423",NA
"424",NA
"425",NA
"426",NA
"427",NA
"428",83.5392112771174
"429",95.8326197898144
"430",83.0729474216888
"431",85.7474154937606
"432",86.9037949026543
"433",73.513298260964
"434",104.111096868841
"435",98.4268397876323
"436",93.3934664844505
"437",83.2533039849558
"438",83.7385256918176
"439",71.0499885274803
"440",76.7344763455464
"441",76.620949377281
"442",84.2872035550514
"443",75.1349824388853
"444",80.717869188438
"445",85.999049593041
"446",76.2559013897238
"447",75.4160635639307
"448",71.0882431934084
"449",80.5766700703574
"450",84.7932022284912
"451",84.8660311910035
"452",81.7103996568009
"453",71.2078784712954
"454",68.5058771816982
"455",80.1344810551069
"456",73.9641235571781
"457",82.7309454137587
"458",87.5500478549915
"459",88.2506652193104
"460",82.7088993893136
"461",81.5502494889701
"462",77.8214839434657
"463",83.042388688509
"464",84.2541714842062
"465",96.2848460115021
"466",100.184148768649
"467",84.9073996282079
"468",78.8357510125363
"469",82.3620969425791
"470",84.5607710912899
"471",89.5777365220661
"472",83.1820120252613
"473",78.6350259077054
"474",77.2674670011096
"475",72.7590269298169
"476",76.2122594406361
"477",79.9082981925413
"478",78.4127443007555
"479",84.9443529021081
"480",77.4298891329971
"481",74.7744577666994
"482",76.4468752890841
"483",73.9178750722845
"484",75.1935356575147
"485",76.3448870762879
"486",78.9421075968038
"487",80.5681491467167
"488",81.8846955115258
"489",77.8107113162573
"490",76.3227407411905
"491",74.6602382835553
"492",83.9815796446754
"493",78.5809200218288
"494",76.7519423399014
"495",79.9101377381212
"496",80.7219646029623
"497",71.5384320432977
"498",73.8624759115251
"499",79.1376138020454
"500",79.0388855021086
"501",78.5683610522228
"502",82.4335797935004
"503",78.5548511146593
"504",81.5212465801406
"505",74.404179543419
"506",78.105964428935
"507",78.9580139207666
"508",75.4206836952966
"509",79.0997364404829
"510",82.3218709643624
"511",80.9466681773733
"512",74.4465786301293
"513",80.7772887977079
"514",79.0250867385587
"515",85.4471525193729
"516",84.4063913114898
"517",81.5472929731619
"518",86.4887704581622
"519",80.8628103487753
"520",82.8761806863725
"521",83.4600438512348
"522",80.8331338508546
"523",84.345442516482
"524",82.0947420359079
"525",83.1870529223751
"526",79.2075040368804
"527",79.8869073889139
"528",87.4879262956034
"529",80.2934340658194
"530",83.2695370488878
"531",81.0848246109507
"532",78.4273925579641
"533",77.5048814055729
"534",84.5608330040414
"535",79.3816981310857
"536",84.042806453716
"537",75.823570692524
"538",80.2145305195668
"539",84.0389452243949
"540",86.4478597997724
"541",69.9497161601671
"542",72.0123050318054
"543",70.5843704356524
"544",70.6021242576851
"545",69.3714756945456
"546",68.8175181766892
"547",84.8885744110917
"548",67.4424345596154
"549",69.6271888555783
"550",85.3581251310225
"551",79.4695469950713
"552",83.3788708055424
"553",77.5229454999921
"554",89.134502705689
"555",83.8315872826369
"556",83.2085526030546
"557",86.3487556236698
"558",86.5071498185104
"559",84.0537546215329
"560",83.7989914030775
"561",77.7863656767125
"562",81.1685276577599
"563",79.4365919381815
"564",80.7256115929531
"565",77.4889844106405
"566",74.3395933294004
"567",81.1213467876464
"568",76.5484878561484
"569",82.3115817070999
"570",92.1049148026379
"571",83.1108096589482
"572",82.305186197187
"573",86.123382773319
"574",83.1822441143027
"575",76.105635229744
"576",71.1998391172957
"577",79.7023957747144
"578",70.9916675778387
"579",76.3555300886022
"580",76.3151667584763
"581",76.9783082969654
"582",77.6256000596174
"583",80.8096396486706
"584",87.6479309226865
"585",78.7334499056622
"586",80.5824059482178
"587",86.0389500945346
"588",84.7879578953017
"589",86.5436094197105
"590",86.4218805786476
"591",82.8505738082643
"592",81.5724628926351
"593",85.4605598962302
"594",86.0028970910657
"595",81.0622942786334
"596",78.7224709098204
"597",79.0517325326342
"598",76.8742756481008
"599",72.1091856435832
"600",70.5918531912208
"601",67.6917833578906
"602",75.2731376130176
"603",75.3131627369583
"604",78.0586452884929
"605",74.6536756072697
"606",78.1444220928097
"607",82.4134709850879
"608",81.459643064682
"609",79.9435799717818
"610",87.9020258901847
"611",77.73305518744
"612",79.395714931176
"613",72.5910595903088
"614",86.5289587871323
"615",86.6562497543691
"616",84.8312435045261
"617",80.658087618221
"618",78.9255934291005
"619",78.0000946082945
"620",81.8647999075779
"621",74.2219753933702
"622",79.5662261311276
"623",79.0655557271935
"624",87.7386394003543
"625",83.5514467327795
"626",87.227283284698
"627",98.5148033443555
"628",92.7993394659719
"629",93.7318492249927
"630",87.0954474555391
"631",86.2577463632748
"632",91.4891799050839
"633",83.9248375592468
"634",84.4763310115024
"635",81.0826559056243
"636",90.0890385553183
"637",NA
"638",NA
"639",NA
"640",NA
"641",70.6045494864969
"642",97.5949338099625
"643",88.5744853433615
"644",95.383870643366
"645",91.4477335019652
"646",77.9039224882776
"647",80.6076501524121
"648",88.6485493719806
"649",89.9939505671017
"650",99.0282600934148
"651",85.3946630691394
"652",83.0690620755024
"653",87.6803977500374
"654",82.1531811614058
"655",84.3151577592655
"656",76.9685322562867
"657",83.8703411981481
"658",72.4627880266355
"659",75.5423553104264
"660",68.3075532131166
"661",87.0069387838332
"662",83.2064299808028
"663",84.6733260843327
"664",70.9658184783978
"665",75.8461090564726
"666",77.6536037527408
"667",78.7380451946001
"668",82.3674587410263
"669",83.4196252377354
"670",84.4316605662323
"671",80.8862848410207
"672",90.512949941187
"673",85.2323800833217
"674",86.3065707742351
"675",85.1838662640442
"676",79.7732827121358
"677",80.3863979372094
"678",83.6724912944097
"679",80.407663604251
"680",75.3582341093636
"681",75.3667424720766
"682",65.2214930961145
"683",75.983726390782
"684",76.6111709739418
"685",82.5952855870243
"686",72.8899466172465
"687",81.7224014229601
"688",82.8953745962817
"689",79.7629889702926
"690",72.1617083081974
"691",68.4458270262691
"692",71.8009718026634
"693",70.6961407814192
"694",72.135364302826
"695",78.0504578418421
"696",71.6931414861138
"697",75.412396337936
"698",74.9990042097936
"699",72.1175868776249
"700",75.7294159515167
"701",82.7072908192644
"702",85.4270167104857
"703",86.7916698755108
"704",81.3474807796093
"705",83.9890189589437
"706",79.1980689525593
"707",80.9786782540037
"708",84.1443693200953
"709",75.2920097511626
"710",77.6792133696981
"711",89.2984947956706
"712",79.0336271578244
"713",74.2462621753946
"714",87.2973023344042
"715",73.3540713755
"716",84.9257413259359
"717",85.2531946317114
"718",90.7015217040309
"719",99.8425980363052
"720",92.3556131904158
"721",81.0004201649713
"722",82.4591443722456
"723",84.4814303690723
"724",79.0142237597177
"725",76.7539795897077
"726",76.4874324660006
"727",78.2766775072372
"728",81.8762874197224
"729",84.6784044484778
"730",87.3149142092932
"731",79.2350366837169
"732",77.4594892599625
"733",83.3800090849447
"734",80.6311315094472
"735",82.2657434715658
"736",95.427518887126
"737",90.8403778862464
"738",86.1772547884173
"739",81.8809446444717
"740",79.933378878716
"741",90.3886328787161
"742",87.8632088627121
"743",78.8039267538609
"744",78.5312805541771
"745",76.4434187315277
"746",79.1288903699238
"747",80.9319640101624
"748",82.6002776203059
"749",74.3346421696137
"750",73.8431676872878
"751",81.6403650098591
"752",73.9820035949368
"753",76.3780741968562
"754",73.4439151686221
"755",85.0748225368569
"756",70.162860434707
"757",68.4426126797733
"758",82.9080990985967
"759",79.1103793899397
"760",79.2097625357651
"761",72.1867105989438
"762",72.0083440880319
"763",72.6545964287264
"764",73.7453554820965
"765",80.1905144801107
"766",78.5418411891958
"767",87.5398650439685
"768",88.1158848778441
"769",82.6869359458754
"770",88.479659332038
"771",83.4166746849347
"772",86.7390797090106
"773",77.8774426727039
"774",72.048551346599
"775",75.7929186412323
"776",83.1254748927844
"777",82.5183149863974
"778",85.2499667149933
"779",85.3878744740897
"780",78.1141018267053
"781",86.1094927155728
"782",89.3220526771862
"783",84.2584523314607
"784",79.5594503582844
"785",80.2975697730365
"786",76.0947338869921
"787",75.1401282619393
"788",74.6152567439427
"789",73.7068984761001
"790",80.6966041264881
"791",93.318335574569
"792",84.528210946509
"793",88.31220306003
"794",81.783073132336
"795",86.3087491480591
"796",84.8914337228044
"797",83.8400984193289
"798",78.3067890144456
"799",78.3554526300452
"800",79.231198962336
"801",79.587710956217
"802",80.503763174117
"803",75.3981332622805
"804",73.7883342199577
"805",79.4815392789515
"806",74.595514179252
"807",70.6313177769778
"808",70.8565032594107
"809",74.2973243226189
"810",76.4919129655608
"811",71.5031863861868
"812",68.4071058253137
"813",79.8517600092235
"814",76.2693127874295
"815",83.4417466650152
"816",80.9003277879381
"817",79.1013065036352
"818",85.6602850100754
"819",89.4966375287791
"820",82.8989999854206
"821",81.4955775183633
"822",87.2664150972702
"823",81.2486444146029
"824",90.2550950363847
"825",84.0445281224711
"826",78.6251062690951
"827",74.9590192132029
"828",80.1713098563734
"829",73.179076732069
"830",83.6928229588801
"831",86.8922527951339
"832",96.4753224006311
"833",96.2091590438876
"834",97.2931291298238
"835",92.6649214150852
"836",98.1356318683769
"837",97.3980645042945
"838",89.1593780836869
"839",76.5630947675438
"840",75.7722670985217
"841",86.3969304863915
"842",82.0341757970578
"843",83.6824988917311
"844",84.2635932464929
"845",83.742652022237
"846",90.8396733308138
"847",77.371668578795
"848",75.4446995448269
"849",73.0332855274173
"850",69.5972092922864
"851",80.9423896829305
"852",83.2111756166367
"853",100.639610190916
"854",97.7170183579733
"855",93.9290578233918
"856",99.1457336820396
"857",94.6294214457383
"858",79.0593684084969
"859",66.8754153297227
"860",NA
"861",NA
"862",NA
"863",NA
"864",NA
"865",NA
"866",NA
"867",82.9919705198845
"868",88.0334395125783
"869",93.6585812442726
"870",94.9445879524484
"871",96.7149390354574
"872",87.3004827953134
"873",91.249755444941
"874",95.6333485426757
"875",96.3407330946634
"876",84.1188073667329
"877",81.6644350994197
"878",84.0416231268874
"879",80.3109735376124
"880",84.3124198491365
"881",NA
"882",NA
"883",81.2995274404081
"884",76.6347774220389
"885",68.1423592525511
"886",65.290475439822
"887",72.13905172309
"888",74.3251235044308
"889",92.3039616028779
"890",85.1025195174449
"891",83.2728793250403
"892",81.21405875418
"893",85.3650515378348
"894",78.0527081908042
"895",77.1189556066479
"896",82.4157340077446
"897",76.7660079340594
"898",92.9982062443526
"899",88.1762513970179
"900",88.7891784573301
"901",94.2082619480329
"902",84.1753160081752
"903",91.8723153809549
"904",84.288814100207
"905",78.6597229102729
"906",84.9422122560336
"907",92.0814088473395
"908",94.8521071743533
"909",91.6143429574952
"910",95.6277172715266
"911",89.7494067054913
"912",87.0959487176321
"913",88.8164619423952
"914",79.5714693183848
"915",78.2644849139917
"916",77.9977324664251
"917",76.9034767153956
"918",82.1912985182529
"919",82.8424273945953
"920",82.1104797948767
"921",86.1945485002366
"922",88.6106873432104
"923",79.7780871796592
"924",74.5572989448115
"925",77.4289851405129
"926",84.6962443601508
"927",91.4959303998947
"928",79.0388114238981
"929",79.4699251701506
"930",79.0038184987919
"931",90.5462310866374
"932",83.4064280488113
"933",82.485386112382
"934",82.5890607002236
"935",75.4909398117975
"936",80.3027549378073
"937",77.5136396497776
"938",76.4695164962476
"939",77.5592148017431
"940",75.253174885476
"941",80.9610658918617
"942",70.9319995958628
"943",78.4354493066348
"944",75.5311126865278
"945",74.6827155002551
"946",77.752065549316
"947",82.3973040696929
"948",87.0538766459625
"949",89.4794976685613
"950",90.1812904902607
"951",80.26550967624
"952",85.3369538415777
"953",85.6628308969189
"954",90.4539104476496
"955",81.9016026127762
"956",88.8678466178736
"957",91.4351524708907
"958",79.9371942163105
"959",76.9491662714774
"960",83.0377225069846
"961",84.5700091481638
"962",81.7670689000965
"963",91.9139027523341
"964",87.2386260139458
"965",79.5793825840503
"966",85.7156149415153
"967",81.7668431370886
"968",82.1793643984602
"969",86.9471606593685
"970",81.2135588257565
"971",69.6509175678631
"972",75.9103416506359
"973",86.8266084651462
"974",81.7433962440509
"975",84.5056259556856
"976",NA
"977",NA
"978",NA
"979",89.0518185444334
"980",103.434888013932
"981",77.578861745825
"982",9.08025146259171
"983",77.7966590228012
"984",80.7591358261735
"985",86.3218870954551
"986",81.565988271158
"987",82.2845001648661
"988",76.4898794822481
"989",80.5510336890254
"990",84.5357846114416
"991",85.2731886026249
"992",85.4899453243419
"993",81.2387836495312
"994",81.0765922108636
"995",81.2625714663239
"996",NA
"997",NA
"998",NA
"999",NA
"1000",77.0579877318719
"1001",63.6833403456223
"1002",65.0601109331044
"1003",73.5482822757907
"1004",77.7157466338948
"1005",74.7665827391085
"1006",64.7880277587497
"1007",77.1762028521683
"1008",83.8046531080128
"1009",74.4132717238644
"1010",83.5298811844298
"1011",79.2369969384831
"1012",81.8360568017782
"1013",81.6261556610278
"1014",82.0091169194394
"1015",82.9876838153201
"1016",79.919161487012
"1017",79.5470604020475
"1018",86.4454492165171
"1019",78.2219748749276
"1020",74.8281004053073
"1021",82.5941299691718
"1022",83.1667227832873
"1023",79.1570717628405
"1024",81.1213802886975
"1025",81.178900084734
"1026",77.5595949164777
"1027",74.8205706616796
"1028",78.1202368550292
"1029",74.3754581462376
"1030",76.7735614210083
"1031",79.9878199390175
"1032",87.7759675014565
"1033",91.1519440407689
"1034",82.1405461015672
"1035",82.9076195548969
"1036",90.2635930882773
"1037",88.6537502501693
"1038",93.024091993709
"1039",83.6843571874077
"1040",81.7770978273771
"1041",81.7091517808951
"1042",79.5266497644567
"1043",81.1804903448422
"1044",NA
"1045",NA
"1046",75.2643204725457
"1047",67.669978351919
"1048",81.8026877958394
"1049",60.5231002663395
"1050",84.7037764804817
"1051",78.1311068369371
"1052",67.598072573632
"1053",76.4900696901939
"1054",75.9851066023999
"1055",75.3151838997775
"1056",76.7395854473364
"1057",82.3248459190779
"1058",82.6667483103326
"1059",86.0451618177022
"1060",90.6991292228224
"1061",94.1205113405955
"1062",84.3888116559952
"1063",83.8201482900927
"1064",79.7948643856361
"1065",78.2661310393013
"1066",84.5459550182215
"1067",79.9977641727033
"1068",84.3316153239497
"1069",81.3995326885444
"1070",75.6413451886904
"1071",78.2488190504008
"1072",87.6673785717511
"1073",82.7907059784413
"1074",86.4130545355125
"1075",87.7293414403113
"1076",82.2691766630142
"1077",91.4143036181967
"1078",81.6158487506524
"1079",85.5568581522822
"1080",77.206804138371
"1081",78.570541241946
"1082",NA
"1083",36.5815208613551
"1084",NA
"1085",NA
"1086",70.9620485119832
"1087",86.0011280505922
"1088",92.1898345319343
"1089",92.6574092373861
"1090",81.9248060200099
"1091",96.639000451242
"1092",84.8993584911279
"1093",106.748897822253
"1094",88.1503430843644
"1095",88.001322226663
"1096",83.4784998705069
"1097",73.9772588019209
"1098",96.2994219624761
"1099",88.8106196073828
"1100",75.5931873148853
"1101",84.7818971877721
"1102",67.4784472019249
"1103",69.0739622377326
"1104",62.9023220513151
"1105",75.0671647827804
"1106",80.5300338173054
"1107",84.5172122518173
"1108",81.9031602491098
"1109",71.77518938082
"1110",79.7412702968152
"1111",75.1570392597595
"1112",71.9760110482507
"1113",76.1892022704533
"1114",81.7795950732295
"1115",82.0493218419545
"1116",83.8457827574415
"1117",82.4621885868205
"1118",72.6524873371996
"1119",80.3457837411786
"1120",80.9508278023005
"1121",81.7200191502261
"1122",77.9844518381467
"1123",81.8040330512562
"1124",76.516388155401
"1125",73.8991369202195
"1126",82.133055466438
"1127",79.9548231428925
"1128",80.8979103767452
"1129",84.5779907952791
"1130",78.3880783162425
"1131",76.870751819268
"1132",82.8017556718066
"1133",82.4211448653565
"1134",87.788795602856
"1135",83.046271361483
"1136",93.114097349584
"1137",90.6791035388531
"1138",90.7839185115576
"1139",89.2328646320948
"1140",96.6812857879885
"1141",87.9388324758703
"1142",90.8301819132712
"1143",84.2345197032789
"1144",81.7315657222348
"1145",82.2586253562813
"1146",85.3810570705538
"1147",81.1227862833059
"1148",85.7802364421461
"1149",91.5849413654071
"1150",77.9838433693563
"1151",77.6804834588634
"1152",78.033982076775
"1153",77.1398355676054
"1154",69.3876706598452
"1155",65.7299196514571
"1156",81.1098070443773
"1157",88.541667571401
"1158",80.8411768837027
"1159",79.0954088682188
"1160",83.1429231505041
"1161",88.3765937319579
"1162",80.9495261718478
"1163",79.3028479259028
"1164",88.5856102815494
"1165",83.7491040813054
"1166",85.1795942593889
"1167",83.9292298468964
"1168",82.6793752094083
"1169",86.7305739640142
"1170",81.881021701614
"1171",72.5759711845202
"1172",81.6708147642055
"1173",76.3831054238562
"1174",75.1286097941788
"1175",71.5659631100757
"1176",83.4458713168437
"1177",81.2252028686105
"1178",75.103124161153
"1179",82.3272648555438
"1180",87.0637052849537
"1181",82.0835034250547
"1182",86.6903165693672
"1183",80.0192885854756
"1184",88.4354139419173
"1185",83.8691707364695
"1186",80.4625433159958
"1187",79.968240288989
"1188",70.4855735547856
"1189",74.6285892708789
"1190",89.7583328742056
"1191",NA
"1192",NA
"1193",NA
"1194",NA
"1195",NA
"1196",72.8579047585702
"1197",97.2412705066368
"1198",67.4738044572621
"1199",66.9251927846704
"1200",92.9206910906372
"1201",79.026663313163
"1202",69.9769837932947
"1203",85.6858182121196
"1204",79.2863741616227
"1205",78.1479500250772
"1206",76.1361828861345
"1207",78.4729364070903
"1208",80.9621053490521
"1209",84.7090935253838
"1210",45.4920599302177
"1211",-30.6746275867886
"1212",79.05905443765
"1213",76.0348882725645
"1214",70.1080092768263
"1215",69.5136006481912
"1216",81.4492893993799
"1217",73.9105497141904
"1218",74.9338758551322
"1219",77.5825021459575
"1220",85.5085379309533
"1221",88.2801172098342
"1222",86.6818060538071
"1223",76.7643755774887
"1224",90.1390226530931
"1225",86.4447673847974
"1226",78.7204131387405
"1227",78.166054040925
"1228",92.0938101300652
"1229",78.629044711108
"1230",80.4470075995903
"1231",81.4089059110746
"1232",87.2400061655853
"1233",78.8999212438845
"1234",85.6504631978002
"1235",89.3982436303194
"1236",76.9522506224182
"1237",79.3800615482355
"1238",86.0993006734193
"1239",76.9657937123101
"1240",78.0631618802068
"1241",76.2718718316149
"1242",82.0380186317807
"1243",77.2730578342314
"1244",75.6877812776217
"1245",75.728430458357
"1246",79.9337055105827
"1247",75.7527051923819
"1248",64.4689731322879
"1249",60.9356618764538
"1250",72.3276585964213
"1251",74.5516801519022
"1252",59.9691916046813
"1253",70.7187669577126
"1254",76.5647700101046
"1255",80.979349725168
"1256",82.3454935428516
"1257",77.0451796429657
"1258",76.2557045909121
"1259",76.010921132556
"1260",73.7967178053955
"1261",77.112909928805
"1262",78.3471321633675
"1263",87.9299825787392
"1264",83.5212149373141
"1265",78.5159960396436
"1266",83.5576476103355
"1267",89.2294156370854
"1268",93.6873821148331
"1269",92.8256010720006
"1270",87.9497655106939
"1271",85.4224197734728
"1272",82.8941309886017
"1273",92.926959877369
"1274",87.9361224585621
"1275",89.1455572516944
"1276",91.6166302743949
"1277",84.7152137429888
"1278",91.4252203196407
"1279",90.3194673092437
"1280",92.1724484147673
"1281",85.2869516116538
"1282",79.7312720836429
"1283",83.403422748063
"1284",78.3101796755619
"1285",79.0483308754958
"1286",78.2126218949013
"1287",80.6291668828699
"1288",71.5145590508866
"1289",75.0077855528648
"1290",77.1231011804156
"1291",81.9832216856651
"1292",77.2999643811981
"1293",81.2688412082838
"1294",79.3558483388287
"1295",74.925319713389
"1296",80.7444692108147
"1297",74.3123377268088
"1298",73.8994188081887
"1299",77.8669444020891
"1300",78.4539667455033
"1301",84.9152383029036
"1302",81.7834068246867
"1303",82.7995436033275
"1304",75.5820490460124
"1305",74.4094448573661
"1306",70.6223637482918
"1307",87.6586168617774
"1308",80.8173705634802
"1309",80.345269771454
"1310",73.3412897713808
"1311",86.1678406302097
"1312",85.5132179242538
"1313",84.4632835603335
"1314",86.7318171987541
"1315",89.7187386275225
"1316",77.7168906176634
"1317",69.8191902087711
"1318",79.2874130769661
"1319",77.8956133024346
"1320",76.7250243650578
"1321",84.0044191985875
"1322",84.6494309090205
"1323",84.2655543605062
"1324",78.2740102214445
"1325",88.276363872438
"1326",85.4028376829294
"1327",80.7953556734586
"1328",85.2459224798893
"1329",86.7315749607663
"1330",91.1675757767346
"1331",85.4298543158625
"1332",82.0152945170244
"1333",82.4733853966329
"1334",84.5586017169519
"1335",81.8135212256911
"1336",86.5962253929107
"1337",83.7528183426063
"1338",80.0268765356754
"1339",89.4337287525817
"1340",72.2073574690443
"1341",NA
"1342",NA
"1343",90.0678020373017
"1344",76.0706196351631
"1345",NA
"1346",71.5553405516235
"1347",68.15072418473
"1348",54.758276047697
"1349",NA
"1350",NA
"1351",94.068629194664
"1352",77.5604592800174
"1353",63.1454140397223
"1354",61.8065284735628
"1355",70.2960669509796
"1356",67.2863846280452
"1357",67.8378729903074
"1358",75.8283376202515
"1359",83.0615276520869
"1360",70.2923583738339
"1361",73.1784517212269
"1362",71.6126956638211
"1363",76.0557910408885
"1364",75.8099741953087
"1365",73.3866783398696
"1366",75.8825427831908
"1367",77.1377309784499
"1368",79.4728112009668
"1369",77.7567354761869
"1370",74.3594797604595
"1371",79.4759434760259
"1372",82.4741138002023
"1373",84.5020783367329
"1374",88.3411221697284
"1375",81.8979496697184
"1376",76.0926113118608
"1377",79.118306561708
"1378",76.0200780922556
"1379",70.7085258114036
"1380",75.0690008959248
"1381",76.099152052901
"1382",82.004720163233
"1383",82.4909537312017
"1384",81.2091756363491
"1385",77.6512099297115
"1386",92.702462516437
"1387",83.1036729158139
"1388",74.8506893711674
"1389",78.5915467400698
"1390",71.4128199297239
"1391",76.4975969877548
"1392",82.5536369870451
"1393",NA
"1394",NA
"1395",56.7134550545234
"1396",70.8280217330224
"1397",NA
"1398",84.7020641462374
"1399",71.4013991637898
"1400",77.425752360296
"1401",72.6502521905161
"1402",79.3246060619989
"1403",72.9279325308187
"1404",66.3720194645862
"1405",81.1510688426856
"1406",86.0600944676436
"1407",78.6031941597284
"1408",70.6662519245852
"1409",75.4739933104838
"1410",74.642484613909
"1411",77.0307550185084
"1412",72.2293883329218
"1413",76.3344521525773
"1414",78.3920195381948
"1415",82.6610200401129
"1416",92.6036748277248
"1417",88.0911372059686
"1418",93.4508208424937
"1419",89.4287369484264
"1420",84.836880164662
"1421",89.1112036538738
"1422",99.7245092225658
"1423",90.6536192788025
"1424",92.0695924108503
"1425",96.9585333185145
"1426",96.0480403817835
"1427",92.6294035156348
"1428",93.6356715121925
"1429",96.4592159890418
"1430",85.0053974446683
"1431",87.701305081663
"1432",85.9851784136469
"1433",80.6973867472526
"1434",85.2431571085509
"1435",82.9414757955038
"1436",78.8080011087472
"1437",87.3166800336306
"1438",87.9717199796631
"1439",94.77174971903
"1440",86.2584975861901
"1441",85.1935863397087
"1442",88.3456446818236
"1443",86.3274091956059
"1444",86.8470838396385
"1445",91.2590533888257
"1446",85.3346564311664
"1447",81.1085043127304
"1448",83.8330136900116
"1449",86.9654455704422
"1450",85.6873376597303
"1451",79.867540984447
"1452",82.9006592852614
"1453",72.0906514376597
"1454",73.9190778254646
"1455",68.8919317008667
"1456",69.318847008856
"1457",74.3141649887699
"1458",81.0561630990657
"1459",79.6914734959658
"1460",74.39471479911
"1461",76.7885824656548
"1462",78.2656705526828
"1463",80.6495209842265
"1464",87.7278219473158
"1465",89.7626636699874
"1466",83.9094171650654
"1467",87.4829532839085
"1468",78.846761965076
"1469",82.2889165165721
"1470",85.0159841379303
"1471",83.227661775749
"1472",87.5105969417803
"1473",89.1111957803104
"1474",85.8095850047793
"1475",83.8570137898768
"1476",84.411481882441
"1477",78.340895934157
"1478",86.5568509135671
"1479",93.5704521410224
"1480",86.2662000557614
"1481",92.0201756474802
"1482",91.2705674426543
"1483",97.4160023908867
"1484",92.2985369002526
"1485",89.5449795609529
"1486",87.729123964414
"1487",87.8079427264046
"1488",88.433762866842
"1489",88.4234013590293
"1490",91.5989202125811
"1491",93.0664521186212
"1492",84.2727512936684
"1493",85.8532548588638
"1494",76.5266231183438
"1495",71.2263001602606
"1496",72.8000428080963
"1497",69.8340001051108
"1498",70.762330381089
"1499",60.430881829219
"1500",76.4158643059532
"1501",86.2226762761882
"1502",93.2789059657156
"1503",90.7534848885239
"1504",65.8125955334137
"1505",67.6745827224349
"1506",72.5454702578346
"1507",68.7482516725337
"1508",69.9239518403156
"1509",65.9440828079041
"1510",78.7414560436945
"1511",78.3783308225799
"1512",77.1984776590295
"1513",79.3451296047929
"1514",89.6920734879016
"1515",84.2689100961288
"1516",91.1935144570388
"1517",89.6516815559849
"1518",86.1066517401354
"1519",94.0749237527805
"1520",86.3501664923069
"1521",86.93600262089
"1522",83.1933519266948
"1523",80.3982263274891
"1524",81.4896602078336
"1525",82.5826111117669
"1526",76.8579925010409
"1527",80.4108442078651
"1528",69.6881861678087
"1529",67.5259246643764
"1530",74.9113384448524
"1531",71.1971587344088
"1532",71.7167959800965
"1533",81.0944785673015
"1534",82.1208275508243
"1535",82.9026010478845
"1536",80.9286380384682
"1537",80.8551672845832
"1538",70.2319190425559
"1539",80.2317303522866
"1540",74.2387426142875
"1541",76.4481172554497
"1542",77.5210212844253
"1543",74.6788048881542
"1544",84.2387010145884
"1545",74.2638742480477
"1546",73.9881271265952
"1547",77.6376586979977
"1548",72.4255508952649
"1549",71.5869831252198
"1550",75.9372961907748
"1551",80.8712254092516
"1552",81.489714243283
"1553",74.691325389212
"1554",84.6806730278347
"1555",80.4107334837239
"1556",84.922019778245
"1557",77.7824691854976
"1558",73.0639711249408
"1559",72.0161173979624
"1560",85.2452614566534
"1561",83.5198550669165
"1562",81.3752794374754
"1563",86.096633822222
"1564",82.2527205913353
"1565",84.557790609165
"1566",81.9151508835081
"1567",83.4849176912277
"1568",86.3147566685453
"1569",81.6621611715768
"1570",85.3802789613638
"1571",82.8947256012083
"1572",83.2325305160625
"1573",86.825708190893
"1574",86.9354505437646
"1575",83.4337644942134
"1576",79.4778561598307
"1577",85.7294568327571
"1578",88.2178899466294
"1579",80.988240913425
"1580",75.3859487350757
"1581",83.3468502456824
"1582",77.9646282567627
"1583",82.7682130281307
"1584",16.5661199158168
"1585",85.8030857281262
"1586",80.713760640067
"1587",84.0424806151007
"1588",NA
"1589",NA
"1590",NA
"1591",NA
"1592",64.8856569216169
"1593",85.7083793669165
"1594",71.0062937135355
"1595",NA
"1596",72.75660121865
"1597",93.038590001026
"1598",63.2587172486422
"1599",80.0959970754321
"1600",90.3270838130188
"1601",76.0587172387049
"1602",82.5631215915079
"1603",106.900548108651
"1604",124.757178546002
"1605",92.6242570417337
"1606",90.7682416256006
"1607",80.0966771787184
"1608",89.0119533899999
"1609",92.3617501600376
"1610",81.0104982453352
"1611",68.518338825676
"1612",76.2363334815334
"1613",66.4667297708657
"1614",67.8081949228169
"1615",70.1632429629232
"1616",70.0060594476771
"1617",77.8961973963865
"1618",77.1448127068864
"1619",77.9339778882511
"1620",82.9746610500871
"1621",73.6868693830559
"1622",69.7228305237676
"1623",69.3107693003293
"1624",70.7486287680955
"1625",68.4111775942975
"1626",71.5687286190687
"1627",75.5082916087607
"1628",82.711341461085
"1629",81.4024110929116
"1630",80.0674803361642
"1631",85.0275187312544
"1632",78.948551940631
"1633",81.6375986135189
"1634",77.3102336836011
"1635",95.0690362175692
"1636",89.4266528488396
"1637",76.9685062150152
"1638",86.1041278662671
"1639",75.6037340198026
"1640",81.4143725322043
"1641",81.245261524152
"1642",68.2369019807545
"1643",72.1534058017977
"1644",67.2896240128654
"1645",71.0750062495022
"1646",64.0882163843524
"1647",72.7757280872561
"1648",72.9188029710418
"1649",74.4089208980049
"1650",76.4078829236198
"1651",77.5814119784249
"1652",83.6717504367129
"1653",81.9664052963817
"1654",77.5828634941758
"1655",81.982675805864
"1656",80.5237651706503
"1657",77.9155933227746
"1658",71.8426475166105
"1659",70.6957601685788
"1660",75.2105565835895
"1661",81.9163736937394
"1662",75.5362044134294
"1663",75.1155160524232
"1664",74.3510088024988
"1665",70.0193293942477
"1666",74.3129491785019
"1667",72.8952998552445
"1668",71.4356855533474
"1669",75.5625545136921
"1670",79.7874443379258
"1671",84.8986462403818
"1672",85.6395845140043
"1673",92.452609923545
"1674",82.8583822126988
"1675",86.1276928079214
"1676",84.9598927766688
"1677",89.0495032513733
"1678",78.5731283437925
"1679",82.5886135841531
"1680",83.3804403177618
"1681",71.8491601345333
"1682",77.2538235849755
"1683",80.1065479351716
"1684",73.7802024420393
"1685",78.4834683496671
"1686",88.6352467914342
"1687",78.8544485643663
"1688",80.9764527755226
"1689",81.1592818806014
"1690",89.6454629272079
"1691",79.2637829563265
"1692",83.4615830863334
"1693",82.9514792414865
"1694",80.8065537314596
"1695",88.3862621995335
"1696",88.0506106734507
"1697",89.3275749935045
"1698",NA
"1699",87.069724382038
"1700",83.5054481952831
"1701",NA
"1702",NA
"1703",NA
"1704",NA
"1705",74.862821224875
"1706",75.440961397473
"1707",65.4787646427557
"1708",57.2023164451671
"1709",75.1523645528186
"1710",106.849758061666
"1711",89.7839889382813
"1712",96.6072391915663
"1713",86.8682497630679
"1714",73.7928644192491
"1715",81.7613057064133
"1716",91.6018113971891
"1717",93.4327147214406
"1718",90.1641053757875
"1719",79.0845732540988
"1720",82.2805891890142
"1721",77.7520931248554
"1722",82.1350811161214
"1723",78.7837235832593
"1724",81.3957593197476
"1725",78.7153292907664
"1726",94.5718381892105
"1727",83.8614323073539
"1728",72.142396579385
"1729",76.2576244197167
"1730",74.7619874536446
"1731",70.0633873812128
"1732",82.6197666741967
"1733",80.9134514553651
"1734",82.169120840762
"1735",88.8003982956423
"1736",99.5841218825129
"1737",95.0828425647234
"1738",92.7213129630512
"1739",95.2022805199274
"1740",85.6752529169939
"1741",89.680134313998
"1742",93.1851863587731
"1743",96.228882060622
"1744",92.3207515991062
"1745",78.0658819361167
"1746",82.592206382948
"1747",82.29662748324
"1748",85.4230252615388
"1749",84.927611366738
"1750",85.9112117578014
"1751",85.8080900307012
"1752",84.7921440498848
"1753",79.2065920843573
"1754",83.2506991690222
"1755",79.577259363087
"1756",75.2084727266678
"1757",80.1753660932985
"1758",84.5783930914751
"1759",81.3234039778226
"1760",74.9970244889142
"1761",83.2606949530477
"1762",85.2552850411209
"1763",81.3183427888161
"1764",84.8573319481638
"1765",80.6321725341862
"1766",76.6075343944536
"1767",73.6061800146612
"1768",75.0496093592037
"1769",78.9407665474573
"1770",79.6201500490549
"1771",78.1233796080084
"1772",81.3392583094348
"1773",79.3866641557242
"1774",76.1197354245012
"1775",77.4693661474111
"1776",81.2694508079828
"1777",87.7161318950373
"1778",87.0529016976618
"1779",79.8800177246788
"1780",85.3520584966024
"1781",88.0304226432425
"1782",82.3590430166105
"1783",77.0093995797345
"1784",84.0141963373887
"1785",77.9943882805659
"1786",82.775098024125
"1787",83.129146889342
"1788",89.9451205935396
"1789",85.179980374852
"1790",81.8268242735486
"1791",85.630721905764
"1792",82.5578678987671
"1793",73.3935773085341
"1794",77.7489292660316
"1795",83.4813397885768
"1796",76.8649925191554
"1797",80.1973749746362
"1798",84.3999052269609
"1799",80.9560533329625
"1800",83.0673162613214
"1801",75.7456357925246
"1802",81.8756314914905
"1803",81.7862023802389
"1804",81.5263753650657
"1805",73.8925791149133
"1806",72.8862893910701
"1807",83.9702755320013
"1808",77.5413742496752
"1809",77.1337312271196
"1810",95.5163339799159
"1811",95.0544870804187
"1812",NA
"1813",NA
"1814",NA
"1815",NA
"1816",NA
"1817",NA
"1818",NA
"1819",NA
"1820",NA
"1821",NA
"1822",63.2721339456759
"1823",NA
"1824",NA
"1825",8.06148549559203
"1826",NA
"1827",82.602029090478
"1828",58.536158959418
"1829",NA
"1830",NA
"1831",65.8228153220654
"1832",76.9207080230371
"1833",68.6902200130145
"1834",70.5953877874218
"1835",71.634718561676
"1836",69.9389903063734
"1837",70.0846042088426
"1838",72.4556080501645
"1839",80.4329882837287
"1840",77.9628199204092
"1841",87.1660895796326
"1842",76.2248146172385
"1843",81.5583829780795
"1844",81.2158970160485
"1845",82.7955622879948
"1846",76.0247386728353
"1847",87.1072211140013
"1848",77.0314133438369
"1849",79.2063095942538
"1850",81.2421898164807
"1851",76.8813354114362
"1852",75.6409391109768
"1853",75.7651338823698
"1854",81.6978070493785
"1855",84.7026436196762
"1856",84.2543001536382
"1857",86.6167594281212
"1858",78.9041134151847
"1859",82.0754913364012
"1860",81.1162825713206
"1861",77.646822751368
"1862",80.8835170980357
"1863",81.6465036149467
"1864",84.4322275390596
"1865",77.9317131755657
"1866",76.3147414635478
"1867",85.2589228754871
"1868",76.6234075387576
"1869",80.9955453810275
"1870",79.3491183499263
"1871",72.1910003431866
"1872",81.1058794135582
"1873",80.670529130587
"1874",80.011223310852
"1875",87.7195707679853
"1876",76.7720692508152
"1877",77.7700785431819
"1878",79.6188597724416
"1879",79.0564911659326
"1880",80.1583967151419
"1881",82.6573387256006
"1882",83.349991481045
"1883",88.3118932709613
"1884",92.9742743852522
"1885",90.9041485316482
"1886",88.8802578323515
"1887",90.6871029280345
"1888",89.9231575777376
"1889",96.6428593721628
"1890",89.6557542816159
"1891",86.4743924604669
"1892",84.505423671492
"1893",77.5283673810594
"1894",86.6158694759531
"1895",NA
"1896",NA
"1897",75.9167295258223
"1898",100.944739281223
"1899",80.7943259466689
"1900",95.5176826334847
"1901",82.095589846234
"1902",84.4807597066133
"1903",76.9458680889438
"1904",101.921124271797
"1905",100.821175094218
"1906",91.1738452016895
"1907",98.9522823507908
"1908",101.295801833767
"1909",80.0936353517764
"1910",80.4524710906261
"1911",78.7269557705162
"1912",69.5825863583937
"1913",63.787943381398
"1914",83.4163684631718
"1915",81.7930552594077
"1916",90.6730291032783
"1917",81.1994055049515
"1918",77.452364033968
"1919",81.3657364880258
"1920",87.9735560096097
"1921",93.6936543609101
"1922",93.5824270347651
"1923",88.0875710965385
"1924",79.9858564740002
"1925",72.8908729845089
"1926",79.3612089533762
"1927",80.324647778406
"1928",76.9399176008773
"1929",77.7908213509524
"1930",82.1973734936183
"1931",95.2885139634171
"1932",93.5420130238632
"1933",92.5958604756404
"1934",85.2660203531434
"1935",80.707679831714
"1936",88.9770241992785
"1937",87.8461672188697
"1938",93.1825419174903
"1939",100.431590812231
"1940",87.8826415357023
"1941",79.9872274681368
"1942",77.908434418758
"1943",79.9486285292561
"1944",87.8062424563626
"1945",82.8064793318331
"1946",81.4608859868289
"1947",81.8248930974948
"1948",80.5542569193852
"1949",82.0943807758766
"1950",76.9524529837665
"1951",80.7839078844357
"1952",75.4580175265572
"1953",79.8331322224551
"1954",84.1208820594725
"1955",78.8196941578982
"1956",86.7775092323393
"1957",83.2415253071439
"1958",84.3521207153554
"1959",86.6486109894173
"1960",81.3319331769366
"1961",86.5099042017053
"1962",83.6231708956603
"1963",83.2214825032853
"1964",75.3818616082193
"1965",82.2715275235002
"1966",82.5433906657182
"1967",80.8712792313331
"1968",80.8535842013507
"1969",83.8957196552521
"1970",81.0832001651176
"1971",78.5096121987828
"1972",79.6643895639669
"1973",75.3850071715743
"1974",75.6653456192798
"1975",73.1258586612945
"1976",78.8858839138024
"1977",84.8796885994367
"1978",78.8956694695754
"1979",78.2008405430697
"1980",86.6146808671886
"1981",76.5632772828783
"1982",80.443646180805
"1983",73.1563733821095
"1984",75.018662075699
"1985",79.7246870387354
"1986",78.3596838933932
"1987",81.4736633904402
"1988",79.52698545577
"1989",71.1234014498167
"1990",78.2622098439795
"1991",84.3758509366795
"1992",78.9945774511393
"1993",78.8477870650021
"1994",84.5821151524372
"1995",75.0398245987819
"1996",87.8089930781997
"1997",84.349497233849
"1998",83.9875652055508
"1999",81.185229105843
"2000",84.4254900625566
"2001",88.1644136282394
"2002",87.3275592471457
"2003",91.8914501080654
"2004",86.1171261950094
"2005",85.0040439332213
"2006",82.3887527232725
"2007",84.8201792263185
"2008",74.9266777432393
"2009",79.2306410502577
"2010",71.8182531457517
"2011",84.1800400056209
"2012",NA
"2013",NA
"2014",56.7050090016646
"2015",NA
"2016",NA
"2017",NA
"2018",NA
"2019",NA
"2020",NA
"2021",85.1665702800256
"2022",111.352758091116
"2023",88.2081493855399
"2024",88.9746759232727
"2025",86.8192957847521
"2026",89.8213718866619
"2027",71.3970611438554
"2028",91.5076577395583
"2029",90.6436109505946
"2030",79.2306984183329
"2031",81.9390251078813
"2032",67.198999604983
"2033",88.7915830568283
"2034",94.1466256236603
"2035",89.3839316952063
"2036",74.5923187133989
"2037",72.0662090665955
"2038",72.590222685297
"2039",74.3563547536357
"2040",68.2970823751837
"2041",61.5049111231461
"2042",58.4243777696848
"2043",73.7217016739134
"2044",77.4097930566883
"2045",82.0101969690875
"2046",82.1062084032721
"2047",77.0156861524003
"2048",74.8268580153688
"2049",79.728789009885
"2050",71.5029362765848
"2051",77.448308496393
"2052",73.6598144062093
"2053",87.0603115088214
"2054",90.5599176541874
"2055",89.6253571318561
"2056",85.575443532804
"2057",84.9360443871844
"2058",87.9087609296371
"2059",82.9847142014964
"2060",87.4048540388564
"2061",88.5304198014741
"2062",92.6550946967387
"2063",82.9654991131804
"2064",77.9232008103914
"2065",82.1505281939142
"2066",86.8041961747761
"2067",83.2224887341867
"2068",82.4402963289353
"2069",84.984766085252
"2070",83.8609855822857
"2071",84.6803359218583
"2072",87.2686464771296
"2073",82.4734083884584
"2074",81.1680565459237
"2075",82.7992103797772
"2076",80.0537955950784
"2077",87.0309125772783
"2078",82.151118276295
"2079",83.7933271992285
"2080",78.3966608793267
"2081",81.9708988759083
"2082",78.7474817912533
"2083",83.9100727873524
"2084",87.2800375891809
"2085",79.2702188077424
"2086",83.1832216830074
"2087",86.5981574176051
"2088",78.9839910476553
"2089",82.0544815573178
"2090",78.0939316105567
"2091",80.717642386289
"2092",85.6630088995848
"2093",85.9499676219813
"2094",81.428642711191
"2095",79.7199273379838
"2096",79.0728704389588
"2097",81.3449202661491
"2098",74.5549219202426
"2099",77.5557967291101
"2100",86.7064118789439
"2101",88.1631558450539
"2102",78.4879408997307
"2103",76.8073058204803
"2104",87.2814787543163
"2105",81.9302319541409
"2106",78.6617300251267
"2107",83.8191048909157
"2108",71.4846799720765
"2109",87.2375031569153
"2110",87.1531658832621
"2111",85.6695871704866
"2112",87.6874965497262
"2113",82.6060625778216
"2114",93.4437798859871
"2115",81.0136017299304
"2116",90.5784828552803
"2117",82.5533285335337
"2118",80.3277645124751
"2119",81.8926530522063
"2120",82.1254039802148
"2121",86.3554579871868
"2122",85.6750960630308
"2123",83.0719942890542
"2124",72.480567625575
"2125",82.6167026275102
"2126",82.7457084312232
"2127",86.6939965704215
"2128",86.5570850053287
"2129",89.3247739655945
"2130",84.1111541879948
"2131",82.6466476242311
"2132",88.02785555325
"2133",87.4681012758306
"2134",83.0915351959765
"2135",82.3242575628189
"2136",NA
"2137",NA
"2138",84.055545537102
"2139",81.3435710303304
"2140",83.3139129416999
"2141",80.7626657336808
"2142",74.3473607145451
"2143",76.6123176354648
"2144",82.6712151596693
"2145",80.7981539794766
"2146",84.5327588082681
"2147",80.3641333592071
"2148",75.1912418948809
"2149",78.6144239970601
"2150",69.804972258258
"2151",70.1046729047556
"2152",70.8081651858687
"2153",71.4079253610535
"2154",68.425043391475
"2155",68.3562859944222
"2156",81.6597910650805
"2157",78.3797730524951
"2158",70.7567656077032
"2159",77.9391559749016
"2160",84.4580520944401
"2161",80.8089037396029
"2162",76.5061078670813
"2163",87.8709411285591
"2164",83.9309953769735
"2165",83.5048979656733
"2166",76.8985684045024
"2167",74.2851175026673
"2168",79.1389774045689
"2169",81.3048361407509
"2170",85.9605686027448
"2171",85.8410066309446
"2172",80.596186087545
"2173",79.7283312772043
"2174",79.289799056797
"2175",86.9437397865168
"2176",76.3093734837541
"2177",90.7008436053736
"2178",83.305284558274
"2179",93.5478062859826
"2180",83.3224426163039
"2181",91.1827833169018
"2182",95.3250478988208
"2183",86.1717716889567
"2184",88.2423948449032
"2185",85.1856377283784
"2186",86.5360494610977
"2187",82.2630178193415
"2188",85.8572969171242
"2189",81.8267453080313
"2190",92.7430970847686
"2191",NA
"2192",74.2093814435331
"2193",71.1889703624984
"2194",76.597441428592
"2195",66.9822872179958
"2196",78.5134306954743
"2197",90.2598018101522
"2198",91.6748026347117
"2199",86.1494050733363
"2200",87.1703788315331
"2201",89.5508555035256
"2202",85.3641956942999
"2203",83.4473006340408
"2204",86.9714960840711
"2205",79.7548958045248
"2206",86.1713432444547
"2207",90.4536729117479
"2208",84.8659994073128
"2209",80.8477893750221
"2210",82.2462518646177
"2211",77.2690119669296
"2212",87.1236644305464
"2213",88.1765968333541
"2214",87.3770529722752
"2215",82.7750381293928
"2216",78.7996201687659
"2217",79.5857393968658
"2218",85.0144009170642
"2219",95.9546834691536
"2220",66.6751160585012
"2221",NA
"2222",NA
"2223",NA
"2224",71.0100197692643
"2225",73.1050809632574
"2226",78.973696808937
"2227",91.4898910452095
"2228",92.1960264124047
"2229",88.7947807840768
"2230",77.3859616981721
"2231",79.6929683234442
"2232",51.8192452433015
"2233",NA
"2234",NA
"2235",50.9270754893905
"2236",75.5435559204144
"2237",62.9479453894655
"2238",73.4144574694989
"2239",NA
"2240",NA
"2241",NA
"2242",NA
"2243",71.5082718206331
"2244",75.8175752535146
"2245",72.3844790621355
"2246",79.9455595238834
"2247",75.6302999905682
"2248",68.6682958111519
"2249",80.212382378675
"2250",73.4245208207498
"2251",80.9527622454808
"2252",86.7717571528358
"2253",82.5591021447547
"2254",83.2348278814581
"2255",81.6834542173009
"2256",76.6761671568632
"2257",80.0435411791594
"2258",83.7784197540814
"2259",80.8867244964708
"2260",80.4521582441808
"2261",77.3452425292256
"2262",86.0728959872266
"2263",80.0989740174238
"2264",88.9101300848334
"2265",77.4533882732836
"2266",78.3625324267649
"2267",71.8836757100891
"2268",76.8563945118458
"2269",78.4419274636528
"2270",72.5474212368125
"2271",80.8010825799709
"2272",77.4601103804918
"2273",76.6451103029383
"2274",71.2501584299308
"2275",79.8588444784056
"2276",NA
